{
  "timestamp": "2026-02-01T16:31:45.233227",
  "mdns_resolution": {
    "min": 0.21004223823547363,
    "max": 0.22992753982543945,
    "avg": 0.21998488903045654,
    "p50": 0.22992753982543945,
    "p95": 0.22992753982543945,
    "p99": 0.22992753982543945
  },
  "tcp_connection": {
    "min": 0.005003213882446289,
    "max": 0.007511138916015625,
    "avg": 0.006257176399230957,
    "p50": 0.007511138916015625,
    "p95": 0.007511138916015625,
    "p99": 0.007511138916015625
  },
  "ttfb": {
    "min": 0.0075223445892333984,
    "max": 7.402245283126831,
    "avg": 0.10928338885307312,
    "p50": 0.05200648307800293,
    "p95": 0.10731244087219238,
    "p99": 2.8532721996307373
  },
  "full_page_load": {
    "min": 0.14223217964172363,
    "max": 0.18809103965759277,
    "avg": 0.16424131393432617,
    "p50": 0.16788601875305176,
    "p95": 0.18809103965759277,
    "p99": 0.18809103965759277
  },
  "endpoints": {
    "/": {
      "min": 0.05200648307800293,
      "max": 2.8524465560913086,
      "avg": 0.33991479873657227,
      "p50": 0.06018996238708496,
      "p95": 2.8524465560913086,
      "p99": 2.8524465560913086
    },
    "/index.html": {
      "min": 0.05926513671875,
      "max": 0.0789177417755127,
      "avg": 0.06479389667510986,
      "p50": 0.06202864646911621,
      "p95": 0.0789177417755127,
      "p99": 0.0789177417755127
    },
    "/about.html": {
      "min": 0.014479398727416992,
      "max": 0.06278514862060547,
      "avg": 0.04398388862609863,
      "p50": 0.05917072296142578,
      "p95": 0.06278514862060547,
      "p99": 0.06278514862060547
    },
    "/run.html": {
      "min": 0.053771257400512695,
      "max": 0.08872652053833008,
      "avg": 0.06766345500946044,
      "p50": 0.07032346725463867,
      "p95": 0.08872652053833008,
      "p99": 0.08872652053833008
    },
    "/chase.html": {
      "min": 0.053427934646606445,
      "max": 0.07778358459472656,
      "avg": 0.06693246364593505,
      "p50": 0.06598663330078125,
      "p95": 0.07778358459472656,
      "p99": 0.07778358459472656
    },
    "/settings.html": {
      "min": 0.01381230354309082,
      "max": 0.06449341773986816,
      "avg": 0.04356429576873779,
      "p50": 0.06039285659790039,
      "p95": 0.06449341773986816,
      "p99": 0.06449341773986816
    },
    "/about.js": {
      "min": 0.05596733093261719,
      "max": 0.07795190811157227,
      "avg": 0.06454014778137207,
      "p50": 0.06305384635925293,
      "p95": 0.07795190811157227,
      "p99": 0.07795190811157227
    },
    "/run.js": {
      "min": 0.018300533294677734,
      "max": 0.07758283615112305,
      "avg": 0.0648949384689331,
      "p50": 0.07118701934814453,
      "p95": 0.07758283615112305,
      "p99": 0.07758283615112305
    },
    "/chase.js": {
      "min": 0.019295215606689453,
      "max": 0.11823058128356934,
      "avg": 0.06503698825836182,
      "p50": 0.07175827026367188,
      "p95": 0.11823058128356934,
      "p99": 0.11823058128356934
    },
    "/chase_api.js": {
      "min": 0.014618635177612305,
      "max": 0.06900453567504883,
      "avg": 0.036951732635498044,
      "p50": 0.025467395782470703,
      "p95": 0.06900453567504883,
      "p99": 0.06900453567504883
    },
    "/main.js": {
      "min": 0.02130722999572754,
      "max": 0.045670509338378906,
      "avg": 0.03222918510437012,
      "p50": 0.03220486640930176,
      "p95": 0.045670509338378906,
      "p99": 0.045670509338378906
    },
    "/settings.js": {
      "min": 0.01644611358642578,
      "max": 0.03414487838745117,
      "avg": 0.02290682792663574,
      "p50": 0.023244857788085938,
      "p95": 0.03414487838745117,
      "p99": 0.03414487838745117
    },
    "/style.css": {
      "min": 0.01664900779724121,
      "max": 0.0350031852722168,
      "avg": 0.021875905990600585,
      "p50": 0.019053936004638672,
      "p95": 0.0350031852722168,
      "p99": 0.0350031852722168
    },
    "/favicon.ico": {
      "min": 0.011298656463623047,
      "max": 0.03308248519897461,
      "avg": 0.016389083862304688,
      "p50": 0.014731884002685547,
      "p95": 0.03308248519897461,
      "p99": 0.03308248519897461
    },
    "/sclogo.jpg": {
      "min": 0.023847341537475586,
      "max": 0.04181694984436035,
      "avg": 0.033760237693786624,
      "p50": 0.036481380462646484,
      "p95": 0.04181694984436035,
      "p99": 0.04181694984436035
    },
    "/api/v1/version": {
      "min": 0.050104618072509766,
      "max": 0.07577061653137207,
      "avg": 0.06251142024993897,
      "p50": 0.06458449363708496,
      "p95": 0.07577061653137207,
      "p99": 0.07577061653137207
    },
    "/api/v1/connectionStatus": {
      "min": 0.0749516487121582,
      "max": 2.8542721271514893,
      "avg": 0.37190706729888917,
      "p50": 0.09807372093200684,
      "p95": 2.8542721271514893,
      "p99": 2.8542721271514893
    },
    "/api/v1/batteryInfo": {
      "min": 0.07791900634765625,
      "max": 7.402245283126831,
      "avg": 0.8295084953308105,
      "p50": 0.09664463996887207,
      "p95": 7.402245283126831,
      "p99": 7.402245283126831
    },
    "/api/v1/rssi": {
      "min": 0.06168007850646973,
      "max": 0.15449261665344238,
      "avg": 0.09895195960998535,
      "p50": 0.1051626205444336,
      "p95": 0.15449261665344238,
      "p99": 0.15449261665344238
    },
    "/api/v1/settings": {
      "min": 0.06586909294128418,
      "max": 0.10723233222961426,
      "avg": 0.09194424152374267,
      "p50": 0.09240841865539551,
      "p95": 0.10723233222961426,
      "p99": 0.10723233222961426
    }
  },
  "errors": [],
  "timeout_count": 0
}